{
  "num_images": 554,
  "thresholds": [
    0.05,
    0.1,
    0.15,
    0.2,
    0.3
  ],
  "model_labels": [
    "llava-1.5-7b-hf",
    "InternVL2-1B",
    "dinov2_vits14"
  ],
  "mean_iou_at_thresholds": {
    "llava-1.5-7b-hf__InternVL2-1B": {
      "5.0": 0.02881164629803403,
      "10.0": 0.059648825572353924,
      "15.0": 0.08936867960274811,
      "20.0": 0.12145340632284161,
      "30.0": 0.19255481504361122
    },
    "llava-1.5-7b-hf__dinov2_vits14": {
      "5.0": 0.04220415686541602,
      "10.0": 0.09176847130368676,
      "15.0": 0.13106703277112453,
      "20.0": 0.16762754921582848,
      "30.0": 0.2404632429165315
    },
    "InternVL2-1B__dinov2_vits14": {
      "5.0": 0.028772792005306802,
      "10.0": 0.04815050611294624,
      "15.0": 0.06906274209668548,
      "20.0": 0.0938886066840706,
      "30.0": 0.15720889579155062
    },
    "triple_iou": {
      "5.0": 0.00014815742680095834,
      "10.0": 0.003173915455784478,
      "15.0": 0.008277077768399078,
      "20.0": 0.017402679304138836,
      "30.0": 0.050048172824414254
    }
  },
  "mean_soft_correlations": {
    "llava-1.5-7b-hf__InternVL2-1B": {
      "spearman": 0.04276210243159569,
      "cosine": 0.7856295282038745
    },
    "llava-1.5-7b-hf__dinov2_vits14": {
      "spearman": 0.17255818296790842,
      "cosine": 0.7586568629950283
    },
    "InternVL2-1B__dinov2_vits14": {
      "spearman": -0.03782196726465221,
      "cosine": 0.7119634132307946
    }
  }
}